"","SurveyNum","LinearFishSurvey","MappingFishSurvey","RandomSite","Date","Name","Region","SiteNum","Municipality","Province","StartTime","EndTime","Discontinuous","PauseStart","PauseEnd","NumSwaths","NumObservers","GPSNum","WaveHeight","Visibility","Wind","Weather","Current","Tide","Topo","DepthTop","DepthBottom","Cover","Notes","length","area","lat","countHECR","densHECR","countENQD","densENQD","countSTME","densSTME","countMADO","densMADO","countHEAR","densHEAR","countHEMG","densHEMG","countSTHD","densSTHD","countSTGI","densSTGI","countPRBI","densPRBI","countAPCL","densAPCL","countAPOC","densAPOC","countAPML","densAPML","countAPSA","densAPSA","countAPPE","densAPPE","countAPPY","densAPPY","countHECRad","densHECRad","countENQDad","densENQDad","countSTMEad","densSTMEad","countMADOad","densMADOad","countHEARad","densHEARad","countHEMGad","densHEMGad","countSTHDad","densSTHDad","countSTGIad","densSTGIad","countPRBIad","densPRBIad","countAPCLad","densAPCLad","countAPOCad","densAPOCad","countAPMLad","densAPMLad","countAPSAad","densAPSAad","countAPPEad","densAPPEad","countAPPYad","densAPPYad"
"1",1,0,0,0,"08/16/08","Handumon MPA","Danajon",2,"Getafe","Bohol","09:12","10:33",0,"","",1,1,1,0,4,"","cloudy","none","","crest",1,3,"coral","Identifying species, photographing, snorkel",NA,NA,NA,2,NA,1,NA,0,NA,0,NA,0,NA,0,NA,0,NA,0,NA,2,NA,0,NA,0,NA,0,NA,0,NA,0,NA,0,NA,NA,NA,NA,NA,NA,NA,NA,NA,NA,NA,NA,NA,NA,NA,NA,NA,2,NA,0,NA,0,NA,0,NA,0,NA,0,NA,0,NA
"2",2,1,0,0,"08/16/08","Handumon MPA","Danajon",2,"Getafe","Bohol","14:38","15:54",0,"","",1,1,1,0,4,"","cloudy","none","","slope",3,5,"coral","Orientation dive and practice survey",366.94702,1815.28153,10.17718468,20,0.0110175747780566,27,0.0148737259503764,0,0,0,0,0,0,0,0,0,0,0,0,37,0.0203825133394047,8,0.00440702991122264,0,0,0,0,0,0,0,0,0,0,NA,NA,NA,NA,NA,NA,NA,NA,NA,NA,NA,NA,NA,NA,NA,NA,30,0.0165263621670849,7,0.00385615117231981,0,0,0,0,0,0,0,0,0,0
"3",3,1,0,0,"08/17/08","Bungan-Diyot","Danajon",1,"Lapu-Lapu City","Cebu","10:19","10:50",0,"","",1,1,2,0.1,6,"","sunny","strong to E","","slope",3,15,"coral,rubble","At recommendation of Caubyan Baranguy captain",450.47299,4533.37161,10.26536115,6,0.00132351823679418,0,0,0,0,0,0,0,0,0,0,0,0,0,0,0,0,6,0.00132351823679418,0,0,0,0,0,0,0,0,0,0,NA,NA,NA,NA,NA,NA,NA,NA,NA,NA,NA,NA,NA,NA,NA,NA,0,0,1,0.000220586372799030,0,0,0,0,0,0,0,0,0,0
"4",4,1,0,1,"08/17/08","Caubyan East","Danajon",1,"Lapu-Lapu City","Cebu","11:24","11:47",1,"11:33","11:39",2,2,2,0.1,6,"","sunny","moderate","","very shallow slope",3,7.5,"sediment,very sparse coral","south edge of Caubyan Reef",292.28529,3036.42265,10.27474279,0,0,1,0.0003293349165341,1,0.0003293349165341,0,0,0,0,0,0,0,0,0,0,1,0.0003293349165341,0,0,2,0.0006586698330682,0,0,0,0,0,0,0,0,NA,NA,NA,NA,NA,NA,NA,NA,NA,NA,NA,NA,NA,NA,NA,NA,0,0,0,0,0,0,0,0,0,0,0,0,0,0
"5",5,1,0,1,"08/17/08","Caubyan West","Danajon",2,"Lapu-Lapu City","Cebu","13:12","14:22",0,"","",2,2,2,0.1,12,"","sunny","weak to W","","shallow slope",3,15,"sand, scattered corals","north edge of Caubyan Reef",1008.48411,10042.88386,10.29012348,14,0.00139402189601743,6,0.00059743795543604,0,0,0,0,0,0,0,0,0,0,0,0,2,0.000199145985145347,35,0.00348505474004356,0,0,6,0.00059743795543604,3,0.00029871897771802,0,0,0,0,NA,NA,NA,NA,NA,NA,NA,NA,NA,NA,NA,NA,NA,NA,NA,NA,1,9.95729925726733e-05,14,0.00139402189601743,0,0,2,0.000199145985145347,1,9.95729925726733e-05,0,0,0,0
"6",6,1,0,1,"08/18/08","Pandanon MPA","Danajon",3,"Getafe","Bohol","09:59","11:26",0,"","",2,2,2,0,15,"","partly sunny","weak to N","","shallow slope",4,15,"coral,sand","",838.74696,8282.41989,10.18616828,26,0.00313917917049724,7,0.000845163622826179,0,0,0,0,0,0,0,0,0,0,0,0,3,0.000362212981211219,37,0.00446729343493837,6,0.000724425962422439,3,0.000362212981211219,5,0.000603688302018699,6,0.000724425962422439,0,0,NA,NA,NA,NA,NA,NA,NA,NA,NA,NA,NA,NA,NA,NA,NA,NA,2,0.000241475320807480,12,0.00144885192484488,1,0.000120737660403740,2,0.000241475320807480,0,0,0,0,0,0
"7",7,1,0,0,"08/18/08","Mahanay East","Danajon",1,"Getafe","Bohol","13:53","15:03",1,"14:31","14:36",2,2,2,0,5,"","partly sunny","weak to W","","crest and steep slope",1,5,"dead coral with sargassum","Silt below 6m. Seaweed farm adjacent.",825.27354,8297.28985,10.21298273,5,0.000602606404065781,2,0.000241042561626312,0,0,0,0,0,0,0,0,0,0,0,0,2,0.000241042561626312,3,0.000361563842439468,0,0,0,0,0,0,0,0,0,0,NA,NA,NA,NA,NA,NA,NA,NA,NA,NA,NA,NA,NA,NA,NA,NA,1,0.000120521280813156,2,0.000241042561626312,0,0,0,0,0,0,0,0,0,0
"8",8,1,0,0,"08/18/08","Tahong Tahong","Danajon",1,"Getafe","Bohol","15:30","15:50",0,"","",2,2,2,0,6,"","mostly cloudy","moderate to W","","steep slope",NA,NA,"","",186.36643,1778.90063,10.22838725,8,0.00449715957433777,6,0.00337286968075333,0,0,0,0,0,0,0,0,0,0,0,0,11,0.00618359441471444,0,0,0,0,0,0,0,0,0,0,0,0,NA,NA,NA,NA,NA,NA,NA,NA,NA,NA,NA,NA,NA,NA,NA,NA,5,0.00281072473396111,0,0,0,0,0,0,0,0,0,0,0,0
"9",9,0,0,0,"08/23/08","Tahong Tahong","Danajon",1,"Getafe","Bohol","14:49","16:01",0,"","",0,0,1,0,4,"","partly sunny","weak","","steep slope",2,7,"coral,sediment","First collection trip!",NA,NA,NA,0,NA,7,NA,0,NA,0,NA,0,NA,0,NA,0,NA,0,NA,8,NA,0,NA,0,NA,0,NA,0,NA,0,NA,0,NA,NA,NA,NA,NA,NA,NA,NA,NA,NA,NA,NA,NA,NA,NA,NA,NA,4,NA,0,NA,0,NA,0,NA,0,NA,0,NA,0,NA
"10",10,0,0,0,"08/23/08","Tahong Tahong","Danajon",1,"Getafe","Bohol","16:28","17:04",0,"","",0,0,1,0,4,"","partly sunny","weak","","steep slope",2,7,"sparse coral,sediment","First collection trip!",NA,NA,NA,0,NA,1,NA,0,NA,0,NA,0,NA,0,NA,0,NA,0,NA,2,NA,0,NA,0,NA,0,NA,0,NA,0,NA,0,NA,NA,NA,NA,NA,NA,NA,NA,NA,NA,NA,NA,NA,NA,NA,NA,NA,1,NA,0,NA,0,NA,0,NA,0,NA,0,NA,0,NA
"11",11,0,0,0,"08/24/08","Tahong Tahong","Danajon",1,"Getafe","Bohol","14:21","15:55",0,"","",0,0,2,0.1,6,"","cloudy,light rain,tstorms on horizon","weak","","steep slope",2,8,"coral","",NA,NA,NA,0,NA,11,NA,0,NA,0,NA,0,NA,0,NA,0,NA,0,NA,16,NA,0,NA,0,NA,0,NA,0,NA,0,NA,0,NA,NA,NA,NA,NA,NA,NA,NA,NA,NA,NA,NA,NA,NA,NA,NA,NA,10,NA,0,NA,0,NA,0,NA,0,NA,0,NA,0,NA
"12",12,0,0,0,"08/25/08","Handumon MPA","Danajon",2,"Getafe","Bohol","10:22","12:16",0,"","",0,0,1,0,2,"","mostly cloudy,encroaching thunderstorms","weak","","steep slope",1,6,"coral to 6m","Visibility was terrible.",NA,NA,NA,5,NA,15,NA,0,NA,0,NA,0,NA,0,NA,0,NA,0,NA,22,NA,7,NA,0,NA,0,NA,0,NA,0,NA,0,NA,NA,NA,NA,NA,NA,NA,NA,NA,NA,NA,NA,NA,NA,NA,NA,NA,21,NA,6,NA,0,NA,0,NA,0,NA,0,NA,0,NA
"13",13,0,0,0,"08/30/08","Looc","Cebu",7,"Santander","Cebu","10:43","11:32",0,"","",0,0,1,0.2,10,"","mostly sunny","very strong to N","","gradual slope to 6m then dropoff",3,7,"dense coral heads among sand","",NA,NA,NA,5,NA,1,NA,0,NA,1,NA,1,NA,0,NA,0,NA,0,NA,1,NA,9,NA,0,NA,0,NA,0,NA,0,NA,0,NA,NA,NA,NA,NA,NA,NA,NA,NA,NA,NA,NA,NA,NA,NA,NA,NA,1,NA,5,NA,0,NA,0,NA,0,NA,0,NA,0,NA
"14",14,0,0,0,"08/30/08","Looc","Cebu",7,"Santander","Cebu","12:00","13:17",0,"","",0,0,1,0.2,10,"","mostly sunny","moderate to S","","gradual slope to 6m then dropoff",3,7,"dense coral heads among sand","GPS battery died part-way through (missed last 18 min)",NA,NA,NA,5,NA,1,NA,0,NA,0,NA,0,NA,0,NA,0,NA,0,NA,2,NA,13,NA,0,NA,0,NA,0,NA,0,NA,0,NA,NA,NA,NA,NA,NA,NA,NA,NA,NA,NA,NA,NA,NA,NA,NA,NA,2,NA,5,NA,0,NA,0,NA,0,NA,0,NA,0,NA
"15",15,1,0,0,"08/30/08","Looc Tigib","Cebu",7,"Santander","Cebu","15:21","16:27",0,"","",2,2,2,0.2,10,"","mostly cloudy","moderate to S","","gradual slope to 5m then steep slope",2,6,"dense coral heads among sand","Surveyed and collected until 11:27, then spent more time searching for PRBI (found no more). NOT a randomly selected site",303.75087,3090.78922,9.411233609,144,0.0465900421381695,8,0.00258833567434275,0,0,2,0.000647083918585687,0,0,0,0,0,0,0,0,2,0.000647083918585687,59,0.0190889755982778,6,0.00194125175575706,7,0.00226479371504991,2,0.000647083918585687,51,0.0165006399239350,0,0,NA,NA,NA,NA,NA,NA,NA,NA,NA,NA,NA,NA,NA,NA,NA,NA,1,0.000323541959292844,13,0.00420604547080697,0,0,5,0.00161770979646422,0,0,9,0.00291187763363559,0,0
"16",16,0,0,0,"08/31/08","Bunga-billa","Cebu",7,"Santander","Cebu","09:26","10:48",0,"","",0,0,1,0.1,12,"","sunny","weak to strong to W","","gradual slope to 4m, then steep slope",2,8,"dense coral","Searching for PRBI, MLP recorded ENQD and inhabiting spp",NA,NA,NA,0,NA,21,NA,0,NA,0,NA,0,NA,1,NA,0,NA,0,NA,0,NA,1,NA,3,NA,33,NA,0,NA,0,NA,0,NA,NA,NA,NA,NA,NA,NA,NA,NA,NA,NA,NA,NA,NA,NA,NA,NA,0,NA,0,NA,0,NA,18,NA,0,NA,0,NA,0,NA
"17",17,0,0,0,"08/31/08","Jean Pierre","Cebu",7,"Santander","Cebu","11:30","12:55",0,"","",0,0,1,0.1,10,"","sunny","strong to N","","slope",2,11,"coral,sand,scattered tall coral heads","Searching for PRBI, MLP recorded ENQD and inhabiting spp, but MLP forgot to mark which PRBI were found by GS and not on the transect",NA,NA,NA,0,NA,23,NA,0,NA,0,NA,0,NA,0,NA,0,NA,0,NA,10,NA,0,NA,0,NA,24,NA,0,NA,0,NA,0,NA,NA,NA,NA,NA,NA,NA,NA,NA,NA,NA,NA,NA,NA,NA,NA,NA,5,NA,0,NA,0,NA,17,NA,0,NA,0,NA,0,NA
"18",18,1,0,1,"08/31/08","Pasil","Cebu",7,"Santander","Cebu","14:47","16:05",0,"","",2,2,1,0.1,10,"","mostly sunny","moderate to S","","slope",2,11,"coral,sand","Santander survey (actually, 1km short). Forgot to turn on GPS, so drove boat back over track 16:30 to 16:45. Also marked waypoints at endpoints (ÒSantander2Ó and ÒSantander3Ó)",667.64903,6702.4788,9.417523,38,0.0056695442289202,34,0.00507275009956018,5,0.000745992661700027,0,0,1,0.000149198532340005,17,0.00253637504978009,0,0,0,0,4,0.000596794129360021,43,0.00641553689062023,20,0.00298397064680011,53,0.00790752221402028,2,0.000298397064680011,32,0.00477435303488017,0,0,NA,NA,NA,NA,NA,NA,NA,NA,NA,NA,NA,NA,NA,NA,NA,NA,2,0.000298397064680011,16,0.00238717651744009,3,0.000447595597020016,30,0.00447595597020016,0,0,11,0.00164118385574006,0,0
"19",19,1,0,0,"09/06/08","Lang-tad MPA","Cebu",9,"Argao","Cebu","10:09","11:54",0,"","",1,1,1,0,6,"","mostly sunny","none","","gradual slope or wall (depending on location)",2,10,"dense coral,seagrass,dead coral (depending on location)","",705.91412,3494.36263,9.90067224,8,0.00228940177282058,6,0.00171705132961544,0,0,2,0.000572350443205146,0,0,2,0.000572350443205146,0,0,0,0,2,0.000572350443205146,16,0.00457880354564117,4,0.00114470088641029,9,0.00257557699442316,0,0,1,0.000286175221602573,0,0,NA,NA,NA,NA,NA,NA,NA,NA,NA,NA,NA,NA,NA,NA,NA,NA,1,0.000286175221602573,6,0.00171705132961544,1,0.000286175221602573,5,0.00143087610801287,0,0,1,0.000286175221602573,0,0
"20",20,0,0,0,"09/06/08","Poblacion Argao MPA","Cebu",9,"Argao","Cebu","13:45","15:17",0,"","",1,1,2,0.1,8,"","cloudy,thunderstorms to north","none","","gradual slope",2,9,"coral heads among extensive sand","GPS battery died at the end, so I added a waypoint named ÒArgao1Ó as we organized gear. We had likely floated a bit since the end of our suvey when I made the waypoint. I began recording habitat data every 10 min (% cover in a armspan circle)",NA,NA,NA,4,NA,3,NA,1,NA,1,NA,3,NA,1,NA,0,NA,0,NA,2,NA,14,NA,2,NA,4,NA,3,NA,3,NA,0,NA,NA,NA,NA,NA,NA,NA,NA,NA,NA,NA,NA,NA,NA,NA,NA,NA,1,NA,2,NA,1,NA,2,NA,1,NA,0,NA,0,NA
"21",21,1,0,0,"09/06/08","Tulic MPA","Cebu",9,"Argao","Cebu","16:00","17:20",0,"","",1,1,1,0.2,8,"","cloudy,scattered rainstorms on horizon","weak","","gradual slope or steep slope (depending on location)",2,9,"sand,seagrass,mostly dead coral heads","Recorded habitat data every 10 min",960.99446,4775.70495,9.864198481,2,0.000418786340642757,4,0.000837572681285514,0,0,0,0,0,0,1,0.000209393170321378,0,0,0,0,2,0.000418786340642757,6,0.00125635902192827,2,0.000418786340642757,6,0.00125635902192827,0,0,0,0,0,0,NA,NA,NA,NA,NA,NA,NA,NA,NA,NA,NA,NA,NA,NA,NA,NA,1,0.000209393170321378,3,0.000628179510964135,0,0,5,0.00104696585160689,0,0,0,0,0,0
"22",22,1,0,0,"09/07/08","Casay MPA","Cebu",9,"Argao","Cebu","09:43","10:54",0,"","",1,1,1,0.1,10,"","mostly cloudy,high clouds","moderate","","tacot (circular reef 100m offhshore)",2,8,"coral","GPS appears not to have worked, so circled tacot with boat 15:31 to ? (before 15:35) with GPS#1",323.03001,1595.95078,9.832984917,3,0.00187975721907915,17,0.0106519575747818,0,0,0,0,0,0,1,0.00062658573969305,0,0,0,0,11,0.00689244313662355,0,0,3,0.00187975721907915,15,0.00939878609539575,0,0,2,0.0012531714793861,0,0,NA,NA,NA,NA,NA,NA,NA,NA,NA,NA,NA,NA,NA,NA,NA,NA,7,0.00438610017785135,0,0,0,0,11,0.00689244313662355,0,0,0,0,0,0
"23",23,1,0,1,"09/07/08","Talaga","Cebu",9,"Argao","Cebu","12:31","14:09",0,"","",2,2,1,0,8,"","cloudy, light rain","none","","gradual slope to 8m, then dropoff",2,11,"dead coral (~20% live)","",939.37119,9311.64173,9.841267259,33,0.00354395078299474,21,0.00225524140736029,4,0.00042956979187815,1,0.000107392447969538,1,0.000107392447969538,4,0.00042956979187815,0,0,0,0,5,0.000536962239847688,47,0.00504744505456827,9,0.000966532031725838,31,0.00332916588705567,0,0,15,0.00161088671954306,0,0,NA,NA,NA,NA,NA,NA,NA,NA,NA,NA,NA,NA,NA,NA,NA,NA,2,0.000214784895939075,28,0.00300698854314705,2,0.000214784895939075,22,0.00236263385532983,0,0,0,0,0,0
"24",24,1,0,0,"09/07/08","Bogo","Cebu",9,"Argao","Cebu","16:07","17:25",0,"","",1,1,1,0,8,"","cloudy","none","","gradual slope or steep slope (depending on location)",2,13,"coral,sand,seagrass","",1131.07895,5616.90098,9.854061784,3,0.000534102347661468,4,0.000712136463548624,2,0.000356068231774312,3,0.000534102347661468,1,0.000178034115887156,0,0,0,0,0,0,0,0,15,0.00267051173830734,0,0,7,0.00124623881121009,0,0,2,0.000356068231774312,0,0,NA,NA,NA,NA,NA,NA,NA,NA,NA,NA,NA,NA,NA,NA,NA,NA,0,0,9,0.00160230704298440,0,0,5,0.00089017057943578,0,0,0,0,0,0
"25",25,1,0,0,"09/13/08","Arbor MPA 1","Cebu",8,"Boljoon","Cebu","10:27","12:12",0,"","",2,2,1,0.5,8,"10 kts to N","mostly sunny","none","high","gradual slope to 6m then wall to 20m",3,12,"coral, dead coral","Began noting sygnathids for Kerrie. GS and MLP recording depth. GS depths are console depths (add 3 ft to what's on the datasheet)",260.5704,2514.26065,9.635740548,20,0.00795462475221095,9,0.00357958113849493,0,0,0,0,1,0.000397731237610548,3,0.00119319371283164,0,0,0,0,2,0.000795462475221095,20,0.00795462475221095,7,0.00278411866327383,15,0.00596596856415821,0,0,11,0.00437504361371602,0,0,NA,NA,NA,NA,NA,NA,NA,NA,NA,NA,NA,NA,NA,NA,NA,NA,1,0.000397731237610548,8,0.00318184990088438,1,0.000397731237610548,10,0.00397731237610548,0,0,1,0.000397731237610548,0,0
"26",26,1,0,1,"09/13/08","Arbor MPA 2","Cebu",8,"Boljoon","Cebu","14:13","16:20",0,"","",2,2,1,0.2,6.5,"","cloudy","low to S","low","gradual slope to wall",1,10,"coral, dead coral","Chosen because in sanctuary, but happens to overlap the survey site. GS depths are console depths (added 3 ft. to what's on the data sheet)",749.65119,7405.59936,9.639521439,59,0.00796694462283199,21,0.00283569215388935,3,0.00040509887912705,0,0,4,0.000540131838836067,10,0.00135032959709017,0,0,0,0,1,0.000135032959709017,72,0.0097223730990492,30,0.0040509887912705,40,0.00540131838836067,0,0,26,0.00351085695243443,0,0,NA,NA,NA,NA,NA,NA,NA,NA,NA,NA,NA,NA,NA,NA,NA,NA,1,0.000135032959709017,23,0.00310575807330738,5,0.000675164798545084,16,0.00216052735534427,0,0,5,0.000675164798545084,0,0
"27",27,1,0,0,"09/13/08","Arbor Outside","Cebu",8,"Boljoon","Cebu","16:52","17:37",0,"","",2,2,1,0.2,8,"none","cloudy","none","low","gradual slope to wall",1,10,"sand, coral, dead coral","getting dark! GS depths are console depths (added 3 ft to what's on the data sheet)",350.91702,3542.22859,9.646741792,48,0.0135507911983738,5,0.00141154074983060,2,0.000564616299932241,0,0,1,0.000282308149966121,10,0.00282308149966121,0,0,0,0,2,0.000564616299932241,19,0.00536385484935629,21,0.00592847114928853,8,0.00225846519972897,0,0,18,0.00508154669939017,0,0,NA,NA,NA,NA,NA,NA,NA,NA,NA,NA,NA,NA,NA,NA,NA,NA,1,0.000282308149966121,3,0.000846924449898362,5,0.00141154074983060,5,0.00141154074983060,0,0,6,0.00169384889979672,0,0
"28",28,1,0,0,"09/14/08","North Granada MPA","Cebu",8,"Boljoon","Cebu","08:45","10:45",0,"","",2,2,1,0.1,8,"none","sunny","low to N","","gradual slope to 6m, then steep slope",2,10,"coral and dead coral heads, sand","GS depths are now actual depths. We swam almost the entire sanctuary.",826.60354,8197.06497,9.609822429,26,0.00317186701522509,18,0.00219590793361737,5,0.000609974426004824,3,0.000365984655602894,0,0,12,0.00146393862241158,0,0,0,0,6,0.000731969311205789,43,0.00524578006364149,24,0.00292787724482316,28,0.00341585678562701,2,0.000243989770401930,24,0.00292787724482316,0,0,NA,NA,NA,NA,NA,NA,NA,NA,NA,NA,NA,NA,NA,NA,NA,NA,3,0.000365984655602894,15,0.00182992327801447,5,0.000609974426004824,13,0.00158593350761254,0,0,2,0.000243989770401930,0,0
"29",29,1,0,0,"09/14/08","North Granada Outside","Cebu",8,"Boljoon","Cebu","11:25","13:20",0,"","",2,2,1,0.1,7,"low","high clouds","< 1kt","medium","gradual slope to 5m, then steep. Some walls, some towers of coral",2,14,"coral, sand, seagrass, dead coral","Dive entered and ended on area of sand/seagrass and very sparse/poor coral. Started in front of a resort owned by an American.",764.07977,7581.3377,9.602987585,41,0.00540801658261444,20,0.00263805686956802,0,0,14,0.00184663980869761,5,0.000659514217392005,2,0.000263805686956802,1,0.000131902843478401,0,0,8,0.00105522274782721,50,0.00659514217392005,8,0.00105522274782721,26,0.00342947393043842,0,0,17,0.00224234833913282,0,0,NA,NA,NA,NA,NA,NA,NA,NA,NA,NA,NA,NA,NA,NA,NA,NA,4,0.000527611373913604,6,0.000791417060870405,0,0,12,0.00158283412174081,0,0,3,0.000395708530435203,0,0
"30",30,1,0,0,"09/14/08","Ely Point","Cebu",8,"Boljoon","Cebu","15:03","16:13",0,"","",2,2,1,0.2,6,"< 5 kts to N","cloudy","< 1 kt to S","low","gradual slope to 5 m, then steep slope",2,12,"dead coral","Dive ended when we began to overlap with Arbor MPA 1 survey",554.33198,5545.35755,9.63256716,19,0.0034262894373691,17,0.00306562739133025,6,0.00108198613811656,2,0.000360662046038853,2,0.000360662046038853,17,0.00306562739133025,0,0,0,0,0,0,35,0.00631158580567992,33,0.00595092375964107,31,0.00559026171360222,9,0.00162297920717484,17,0.00306562739133025,0,0,NA,NA,NA,NA,NA,NA,NA,NA,NA,NA,NA,NA,NA,NA,NA,NA,0,0,15,0.00270496534529140,6,0.00108198613811656,19,0.0034262894373691,5,0.000901655115097132,4,0.000721324092077706,0,0
"31",31,1,0,0,"09/15/08","Macatol","Cebu",11,"Minglanilla","Cebu","10:27","11:59",0,"","",2,2,1,0.1,4,"< 1 kt","mostly cloudy","none","","tacot, gradual slope",2,10,"dead coral, rubble","Trashed reef, lots of Diadema urchins, many blast fishers here",452.14243,4447.61149,10.22754033,0,0,7,0.00157387847741170,1,0.000224839782487386,0,0,1,0.000224839782487386,1,0.000224839782487386,0,0,0,0,4,0.000899359129949545,7,0.00157387847741170,3,0.000674519347462159,5,0.00112419891243693,0,0,0,0,0,0,NA,NA,NA,NA,NA,NA,NA,NA,NA,NA,NA,NA,NA,NA,NA,NA,1,0.000224839782487386,2,0.000449679564974773,1,0.000224839782487386,4,0.000899359129949545,0,0,0,0,0,0
"32",32,1,0,0,"09/15/08","Goc-ong","Cebu",11,"Minglanilla","Cebu","12:45","14:39",0,"","",2,2,1,0.1,6,"< 5 kts to N","partly cloudy","1 kt to NW","medium","tacot with gradual to steep slopes",2,10,"dead coral, coral","Better coral than Macatol, but fewer anemonefish",1014.98733,10112.47063,10.22158428,1,9.88878026536231e-05,15,0.00148331703980435,0,0,0,0,0,0,3,0.000296663407960869,0,0,0,0,3,0.000296663407960869,0,0,6,0.000593326815921739,25,0.00247219506634058,0,0,2,0.000197775605307246,0,0,NA,NA,NA,NA,NA,NA,NA,NA,NA,NA,NA,NA,NA,NA,NA,NA,2,0.000197775605307246,0,0,1,9.88878026536231e-05,15,0.00148331703980435,0,0,1,9.88878026536231e-05,0,0
"33",33,1,0,0,"09/15/08","Demi","Cebu",11,"Minglanilla","Cebu","15:14","17:10",0,"","",2,2,1,0.2,5,"< 1 kt","cloudy","1-2 kts","low","tacot with gradual to steep slopes",2,8,"dead coral","Lots of plastic in the water. Many comb jellies. APCL very skittish.",469.77449,4644.37881,10.22262296,5,0.00107657023781831,8,0.00172251238050929,0,0,1,0.000215314047563661,0,0,2,0.000430628095127322,0,0,0,0,5,0.00107657023781831,9,0.00193782642807295,2,0.000430628095127322,6,0.00129188428538197,0,0,0,0,0,0,NA,NA,NA,NA,NA,NA,NA,NA,NA,NA,NA,NA,NA,NA,NA,NA,3,0.000645942142690983,3,0.000645942142690983,1,0.000215314047563661,3,0.000645942142690983,0,0,0,0,0,0
"34",34,1,0,1,"09/16/08","Macatol 2","Cebu",11,"Minglanilla","Cebu","09:54","10:44",0,"","",2,2,1,0.1,5,"1-5 kts to E","partly cloudy","0-2 kts to N","","tacot with gradual slopes",3,10,"sand, rubble, sparse dead coral","Still 0.8 km south of Survey Location, but further north puts us on sand flats or into Talisay. We are north of our Macatol survey site.",605.92418,6036.83605,10.22877772,0,0,5,0.000828248433216933,0,0,2,0.000331299373286773,0,0,1,0.000165649686643387,0,0,0,0,4,0.000662598746573547,3,0.00049694905993016,4,0.000662598746573547,4,0.000662598746573547,0,0,0,0,0,0,NA,NA,NA,NA,NA,NA,NA,NA,NA,NA,NA,NA,NA,NA,NA,NA,2,0.000331299373286773,1,0.000165649686643387,0,0,1,0.000165649686643387,0,0,0,0,0,0
"35",35,1,0,0,"09/16/08","Katongan","Cebu",11,"Minglanilla","Cebu","12:46","14:09",0,"","",2,2,1,0.4,6,"5-10 kts to E","cloudy, thunderstorms","< 1 kt","low","tacot with gradual slopes",4,9,"coral, dead coral","Ended in a thunderstorm and downpour!",491.74391,4913.34378,10.22480422,0,0,5,0.00101763691365394,0,0,1,0.000203527382730789,0,0,0,0,1,0.000203527382730789,0,0,6,0.00122116429638473,8,0.00162821906184631,0,0,1,0.000203527382730789,0,0,0,0,0,0,NA,NA,NA,NA,NA,NA,NA,NA,NA,NA,NA,NA,NA,NA,NA,NA,4,0.000814109530923155,4,0.000814109530923155,0,0,0,0,0,0,0,0,0,0
"36",36,1,0,0,"09/16/08","Lobog","Cebu",11,"Minglanilla","Cebu","15:27","17:00",0,"","",2,2,1,0.2,3,"5-10 kts to NE","cloudy","1 kt to nNE","low","tacot with mostly gradual slopes",4,8,"coral, dead coral. Some areas of healthy coral","Poor visibility! Lobog means Ònot clearÓ",752.93156,7515.16475,10.22636597,0,0,2,0.000266128563582056,3,0.000399192845373084,0,0,0,0,1,0.000133064281791028,0,0,0,0,0,0,8,0.00106451425432822,3,0.000399192845373084,4,0.000532257127164112,0,0,0,0,0,0,NA,NA,NA,NA,NA,NA,NA,NA,NA,NA,NA,NA,NA,NA,NA,NA,0,0,6,0.000798385690746168,0,0,3,0.000399192845373084,0,0,0,0,0,0
"37",37,1,0,0,"09/17/08","Oca–a","Cebu",10,"Carcar","Cebu","10:44","12:02",1,"11:10","11:42",2,2,1,0.4,4.5,"1-5 kts","cloudy","< 1 kt","","multiple tacots with gradual slopes",4,11,"rubble,dead coral, coral","Difficult navigation: went in a circle at one point. Many seaweed farms. This is a proposed sanctuary.",315.14275,3160.71041,10.05880582,0,0,4,0.00126553827498546,1,0.000316384568746366,1,0.000316384568746366,2,0.000632769137492732,2,0.000632769137492732,0,0,0,0,0,0,17,0.00537853766868822,3,0.000949153706239098,5,0.00158192284373183,0,0,0,0,0,0,NA,NA,NA,NA,NA,NA,NA,NA,NA,NA,NA,NA,NA,NA,NA,NA,0,0,6,0.00189830741247820,0,0,3,0.000949153706239098,0,0,0,0,0,0
"38",38,0,0,0,"09/17/08","Bonbon","Cebu",10,"Carcar","Cebu","13:10","14:27",0,"","",2,2,1,0.6,4,"5-10 kts","rain","< 1 kt","","gradual slope to 9m, then steep slope",4,11,"coral, dead coral","Decent amount of live coral. GPS not on? Turned on when finished, ~14:50 (to get pointlat/long for transect)",NA,NA,NA,1,NA,13,NA,0,NA,0,NA,0,NA,0,NA,0,NA,0,NA,9,NA,1,NA,0,NA,13,NA,0,NA,0,NA,0,NA,NA,NA,NA,NA,NA,NA,NA,NA,NA,NA,NA,NA,NA,NA,NA,NA,5,NA,1,NA,0,NA,9,NA,0,NA,0,NA,0,NA
"39",39,1,0,1,"09/17/08","Abogon","Cebu",10,"Carcar","Cebu","15:32","16:50",0,"","",2,2,1,0.3,4,"1-5 kts","rain","< 1 kt","low","gradual slope",2,12,"dead coral, sparse live coral","Had to stop a bit north of actual survey site because it would have put us in Sibonga. MANY seaweed farms made navigation very difficult, particularly at beginning of transect when we were too deep to see the lines. MLP tangled often at beginning (distracted from survey).",630.37983,6263.79574,10.05305866,7,0.00111753324829842,0,0,0,0,1,0.000159647606899774,0,0,3,0.000478942820699323,0,0,0,0,0,0,6,0.000957885641398645,8,0.00127718085519819,0,0,0,0,4,0.000638590427599097,0,0,NA,NA,NA,NA,NA,NA,NA,NA,NA,NA,NA,NA,NA,NA,NA,NA,0,0,4,0.000638590427599097,2,0.000319295213799548,0,0,0,0,0,0,0,0
"40",40,1,0,0,"09/18/08","Lauis Bantayan 1","Cebu",10,"Carcar","Cebu","08:58","10:29",0,"","",2,2,1,0,5.5,"<1 kt","sunny","< 1 kt","low","gradual slope",4,10,"dead coral, coral","Great site for PRBI",337.56682,3345.90995,10.07658763,1,0.000298872359072306,16,0.00478195774515689,2,0.000597744718144611,4,0.00119548943628922,0,0,5,0.00149436179536153,0,0,0,0,10,0.00298872359072306,15,0.00448308538608458,12,0.00358646830886767,21,0.00627631954051842,0,0,0,0,0,0,NA,NA,NA,NA,NA,NA,NA,NA,NA,NA,NA,NA,NA,NA,NA,NA,6,0.00179323415443383,7,0.00209210651350614,2,0.000597744718144611,12,0.00358646830886767,0,0,0,0,0,0
"41",41,1,0,0,"09/18/08","Lauis Bantayan 2","Cebu",10,"Carcar","Cebu","10:58","11:58",0,"","",2,2,1,1,5,"5-10 kts","sunny","0-2 kts","high","gradual slope",4,9,"dead coral, coral","Finished 20 APCL and 20 PRBI!",244.11601,2423.01047,10.07729584,1,0.000412709731295548,12,0.00495251677554658,0,0,1,0.000412709731295548,0,0,3,0.00123812919388664,0,0,0,0,11,0.00453980704425103,9,0.00371438758165993,5,0.00206354865647774,10,0.00412709731295548,0,0,2,0.000825419462591096,0,0,NA,NA,NA,NA,NA,NA,NA,NA,NA,NA,NA,NA,NA,NA,NA,NA,6,0.00247625838777329,2,0.000825419462591096,0,0,6,0.00247625838777329,0,0,2,0.000825419462591096,0,0
"42",42,1,0,0,"09/19/08","Pantok 1","Cebu",13,"Danao","Cebu","13:35","15:00",0,"","",2,2,1,0.1,5.5,"0-5 kts to S","sunny","< 1 kt","medium","gradual slope",4,10,"dead coral, soft coral","Lots of soft coral",566.40652,5607.16452,10.55760698,3,0.000535029780078577,9,0.00160508934023573,0,0,5,0.000891716300130962,1,0.000178343260026192,1,0.000178343260026192,0,0,0,0,0,0,17,0.00303183542044527,2,0.000356686520052385,16,0.00285349216041908,0,0,0,0,0,0,NA,NA,NA,NA,NA,NA,NA,NA,NA,NA,NA,NA,NA,NA,NA,NA,0,0,9,0.00160508934023573,0,0,7,0.00124840282018335,0,0,0,0,0,0
"43",43,1,0,0,"09/19/08","Pantok 2","Cebu",13,"Danao","Cebu","15:26","16:50",0,"","",2,2,1,0,5,"none","partly cloudy","becoming 1 kt to S","low","gradual slope, steep slope for one section",4,11,"dead coral, sand expanses, soft coral","",768.10913,7594.92193,10.56330296,11,0.00144833615162651,2,0.000263333845750275,1,0.000131666922875137,2,0.000263333845750275,3,0.000395000768625412,4,0.00052666769150055,0,0,0,0,0,0,20,0.00263333845750275,9,0.00118500230587624,6,0.000790001537250825,0,0,8,0.0010533353830011,0,0,NA,NA,NA,NA,NA,NA,NA,NA,NA,NA,NA,NA,NA,NA,NA,NA,0,0,9,0.00118500230587624,2,0.000263333845750275,3,0.000395000768625412,0,0,1,0.000131666922875137,0,0
"44",44,1,0,1,"09/20/08","Sabang","Cebu",13,"Danao","Cebu","08:18","09:40",0,"","",2,2,1,0.1,6.5,"1-5 kts to N","cloudy","0-3 kts N and S","low","gradual slope",4,10,"sand expanses, dead coral, soft coral","Less soft coral than Pantok. Seeing ENQD, but all with APML and none with PRBI!",885.42547,8808.92678,10.49516897,4,0.000454084827800101,16,0.00181633931120040,1,0.000113521206950025,0,0,0,0,7,0.000794648448650177,0,0,0,0,0,0,9,0.00102169086255023,16,0.00181633931120040,27,0.00306507258765068,0,0,3,0.000340563620850076,0,0,NA,NA,NA,NA,NA,NA,NA,NA,NA,NA,NA,NA,NA,NA,NA,NA,0,0,4,0.000454084827800101,5,0.000567606034750127,14,0.00158929689730035,0,0,2,0.000227042413900051,0,0
"45",45,1,0,0,"09/20/08","Maslob","Cebu",13,"Danao","Cebu","10:09","11:58",0,"","",2,2,1,0.05,6,"5 kts to E","cloudy","1-2 kts to N","medium","gradual slope",4,10,"sand expanses, patch reefs of dead coral and live coral","Better coral than other sites, including some branching coral",850.78384,8455.13124,10.48584558,5,0.00059135687644276,30,0.00354814125865656,2,0.000236542750577104,0,0,2,0.000236542750577104,0,0,0,0,0,0,4,0.000473085501154208,16,0.00189234200461683,0,0,50,0.0059135687644276,0,0,1,0.000118271375288552,0,0,NA,NA,NA,NA,NA,NA,NA,NA,NA,NA,NA,NA,NA,NA,NA,NA,2,0.000236542750577104,6,0.000709628251731312,0,0,23,0.00272024163163670,0,0,0,0,0,0
"46",46,1,0,0,"09/20/08","Las Palmas","Cebu",13,"Danao","Cebu","13:17","13:51",0,"","",2,2,1,0.1,5,"5 kts to N","cloudy","1 kts N then S","medium","gradual and steep slopes",4,12,"sand, concrete blocks, dead coral","Aborted because mostly sand",497.88035,4987.70408,10.50483028,1,0.000200493049298947,2,0.000400986098597894,0,0,2,0.000400986098597894,0,0,0,0,0,0,0,0,0,0,3,0.000601479147896842,0,0,4,0.000801972197195789,0,0,1,0.000200493049298947,0,0,NA,NA,NA,NA,NA,NA,NA,NA,NA,NA,NA,NA,NA,NA,NA,NA,0,0,3,0.000601479147896842,0,0,3,0.000601479147896842,0,0,0,0,0,0
"47",47,1,0,0,"09/20/08","Saban 2","Cebu",13,"Danao","Cebu","14:47","15:10",0,"","",1,1,1,0.2,6,"5-15 kts to N","cloudy","none","high","gradual slope",4,10,"dead coral, small sand expanses","Finished tanks from Las Palmas near area where we found 4 PRBI in Maslob",302.73625,1512.11173,10.4905329,0,0,1,0.000661326792299931,1,0.000661326792299931,0,0,0,0,1,0.000661326792299931,0,0,0,0,0,0,6,0.00396796075379959,3,0.00198398037689979,2,0.00132265358459986,0,0,0,0,0,0,NA,NA,NA,NA,NA,NA,NA,NA,NA,NA,NA,NA,NA,NA,NA,NA,0,0,2,0.00132265358459986,0,0,2,0.00132265358459986,0,0,0,0,0,0
"48",48,1,0,0,"09/20/08","Tambak","Cebu",13,"Danao","Cebu","16:46","17:40",0,"","",2,2,1,0.2,6,"5-15 kts to N","cloudy","1-2 kts to S","medium","gradual slope",4,6,"dead coral, soft coral","Tiring: against the current. Getting dark. Lots of soft coral. No PRBI, few anemones",652.58978,6510.52029,10.54867644,2,0.000307195110515507,1,0.000153597555257753,1,0.000153597555257753,0,0,0,0,0,0,0,0,0,0,0,0,7,0.00107518288680427,0,0,2,0.000307195110515507,0,0,0,0,0,0,NA,NA,NA,NA,NA,NA,NA,NA,NA,NA,NA,NA,NA,NA,NA,NA,0,0,5,0.000767987776288767,0,0,1,0.000153597555257753,0,0,0,0,0,0
"49",49,1,0,0,"09/22/08","Guadalupe MPA 1","Leyte",20,"Maasin","Southern Leyte","11:00","11:49",0,"","",2,2,1,1.5,3,"15-20 kts to NE","mostly cloudy","1-3 kts to N","low","gradual slope around tacot",4,10,"sand, hard substrate (dead coral?)","Missed the main tacot? Very difficult conditions: strong current, big waves, poor viz. Found 3 anems with APCL and spent almost whole tank collecting",76.2081,820.0604,10.17324753,1,0.00121942237425438,0,0,2,0.00243884474850877,0,0,1,0.00121942237425438,0,0,0,0,0,0,0,0,14,0.0170719132395614,0,0,0,0,0,0,0,0,0,0,NA,NA,NA,NA,NA,NA,NA,NA,NA,NA,NA,NA,NA,NA,NA,NA,0,0,6,0.0073165342455263,0,0,0,0,0,0,0,0,0,0
"50",50,1,0,0,"09/22/08","Guadalupe MPA 2","Leyte",20,"Maasin","Southern Leyte","13:31","14:59",0,"","",2,2,1,1.5,4.5,"15-20 kts to E","mostly cloudy","0-1 kts","medium","gradual slope around tacot",2,8,"sand, dead coral, lie coral","Beautiful table corals, big parrotfish, sweetlips, surgeonfish. Corals are very shallow.",578.52786,5777.47071,10.17213528,14,0.00242320570760626,15,0.00259629182957814,5,0.00086543060985938,1,0.000173086121971876,0,0,10,0.00173086121971876,0,0,0,0,0,0,28,0.00484641141521252,22,0.00380789468338127,27,0.00467332529324065,0,0,15,0.00259629182957814,0,0,NA,NA,NA,NA,NA,NA,NA,NA,NA,NA,NA,NA,NA,NA,NA,NA,0,0,15,0.00259629182957814,7,0.00121160285380313,18,0.00311555019549377,0,0,3,0.000519258365915628,0,0
"51",51,1,0,0,"09/23/08","Sto. Rosario MPA 1","Leyte",20,"Maasin","Southern Leyte","10:00","10:48",0,"","",2,2,2,1,4.5,"5 kts","mostly sunny","1 kt to N","","tacot with gradual slopes",8,11,"sand, dead coral substrate","Near river outflow, very poor viz in places. Prevented us from circling the tacot and made following the reef very difficult. Low quality dive for searching for anemonefish. Spent most of the time trying to navigate. Reef we found was primarily deep (8-11 m)",617.56764,6179.04171,10.12733398,1,0.000161837392743542,1,0.000161837392743542,0,0,0,0,0,0,1,0.000161837392743542,2,0.000323674785487085,0,0,0,0,3,0.000485512178230627,0,0,2,0.000323674785487085,0,0,3,0.000485512178230627,21,0.00339858524761439,NA,NA,NA,NA,NA,NA,NA,NA,NA,NA,NA,NA,NA,NA,NA,NA,0,0,1,0.000161837392743542,0,0,1,0.000161837392743542,0,0,2,0.000323674785487085,4,0.00064734957097417
"52",52,1,0,0,"09/23/08","Sto. Rosario MPA 2","Leyte",20,"Maasin","Southern Leyte","11:26","13:11",0,"","",2,2,2,2,4,"10-15 kts to N","mostly sunny","1 kt to N","high","gradual slope",4,8,"dead coral, sand expanses","Patchy corals in sand, but primarily reef.",1386.85434,13785.50384,10.13499684,16,0.00116063947939098,19,0.00137825938177679,3,0.000217619902385809,1,7.25399674619365e-05,1,7.25399674619365e-05,3,0.000217619902385809,0,0,0,0,0,0,61,0.00442493801517812,5,0.000362699837309682,37,0.00268397879609165,0,0,13,0.000943019577005174,0,0,NA,NA,NA,NA,NA,NA,NA,NA,NA,NA,NA,NA,NA,NA,NA,NA,0,0,31,0.00224873899132003,2,0.000145079934923873,20,0.00145079934923873,0,0,6,0.000435239804771619,0,0
"53",53,1,0,0,"09/23/08","Badyan","Leyte",20,"Maasin","Southern Leyte","15:19","15:50",0,"","",2,2,2,2,3,"10-15 kts to N","mostly sunny","1 kt to S","high","moderate slope",4,8,"dead coral, coral","Reasonably continuous reef with coral cover as high as Sto. Rosario sites.",484.33843,4881.57088,10.12267832,1,0.00020485209056311,3,0.000614556271689330,0,0,0,0,0,0,0,0,0,0,0,0,0,0,2,0.00040970418112622,0,0,6,0.00122911254337866,0,0,0,0,0,0,NA,NA,NA,NA,NA,NA,NA,NA,NA,NA,NA,NA,NA,NA,NA,NA,0,0,1,0.00020485209056311,0,0,5,0.00102426045281555,0,0,0,0,0,0
"54",54,1,0,1,"09/23/08","Ibarra","Leyte",20,"Maasin","Southern Leyte","16:43","16:55",0,"","",0.6,2,2,2,1,"5-10 kts to N","mostly cloudy","none","","gradual slope",6,7,"mud","Surge mixed mud into the water column: viz terrible. Hard to feel our way along. Probably no anemones or anemonefish here?",148.47825,88.76661,10.12374169,0,0,0,0,0,0,0,0,0,0,0,0,0,0,0,0,0,0,0,0,0,0,0,0,0,0,0,0,0,0,NA,NA,NA,NA,NA,NA,NA,NA,NA,NA,NA,NA,NA,NA,NA,NA,0,0,0,0,0,0,0,0,0,0,0,0,0,0
"55",55,0,0,0,"09/24/08","Tangkaan Beach 1","Leyte",19,"Padre Burgos","Southern Leyte","13:00","15:36",0,"","",0,0,1,0,12,"none","cloudy","1 kt to S","medium","gradual slope",2,4,"coral to 4m, sand below 4m","Very difficult to assign fish to anemones once we caught them, since so many of each and the fish wander many meters",NA,NA,NA,5,NA,1,NA,0,NA,1,NA,0,NA,0,NA,0,NA,0,NA,0,NA,21,NA,0,NA,0,NA,0,NA,0,NA,0,NA,NA,NA,NA,NA,NA,NA,NA,NA,NA,NA,NA,NA,NA,NA,NA,NA,0,NA,12,NA,0,NA,0,NA,0,NA,0,NA,0,NA
"56",56,1,0,0,"09/24/08","Tangkaan Beach 2","Leyte",19,"Padre Burgos","Southern Leyte","15:55","16:20",0,"","",2,2,1,0,12,"none","cloudy","< 1 kt","","gradual slope",2,7,"coral to 4m, sand below 4m","So many anemones and so many anemonefish! If we want to find PRBI, we'll have to stop taking notes and just search.",61.72987,676.23365,10.00822308,90,0.133090093934249,25,0.0369694705372914,4,0.00591511528596662,2,0.00295755764298331,2,0.00295755764298331,4,0.00591511528596662,1,0.00147877882149165,0,0,0,0,62,0.0916842869324826,7,0.0103514517504416,60,0.0887267292894993,3,0.00443633646447496,86,0.127174978648282,0,0,NA,NA,NA,NA,NA,NA,NA,NA,NA,NA,NA,NA,NA,NA,NA,NA,0,0,18,0.0266180187868498,2,0.00295755764298331,25,0.0369694705372914,2,0.00295755764298331,14,0.0207029035008832,0,0
"57",57,0,1,0,"09/25/08","Son-ok MPA","Leyte",18,"Pintuyan","Southern Leyte","12:55","14:13",0,"","",1,1,1,2,12,"10-20 kts to E","cloudy","< 1 kt","high","terraces",4,10,"coral","MLP did some surveying, but in circles around GS as he collected.",407.05572,1337.89211,9.962341756,8,0.005979555406751,5,0.00373722212921937,2,0.00149488885168775,0,0,0,0,0,0,0,0,0,0,0,0,23,0.0171912217944091,0,0,8,0.005979555406751,0,0,6,0.00448466655506325,0,0,NA,NA,NA,NA,NA,NA,NA,NA,NA,NA,NA,NA,NA,NA,NA,NA,0,0,12,0.0089693331101265,0,0,7,0.00523211098090712,0,0,1,0.000747444425843875,0,0
"58",58,0,1,0,"09/26/08","Tangkaan MPA","Leyte",19,"Padre Burgos","Southern Leyte","09:27","11:25",0,"","",1,1,1,0.1,12,"0-15 kts to N","cloudy and sunny","< 1 kt","","gradual slope to 9m, then steep slope",3,25,"coral","Survey (by MLP) was not in a straight line, other than initial 27 minutes at 18-25m depth. GPS buoy left at a PRBI anemone while we changd tanks (3 times). Focused on collecting PRBI, of which there were many.  Large contrat (in PRBI numbers) from nearby Tangaan Beach. Coral cover, and branching coral cover, much higher here.",340.44326,979.57972,10.01716368,21,0.0214377651672903,38,0.038792146493192,1,0.00102084596034716,0,0,0,0,6,0.00612507576208295,0,0,0,0,27,0.0275628409293733,26,0.0265419949690261,10,0.0102084596034716,26,0.0265419949690261,0,0,10,0.0102084596034716,0,0,NA,NA,NA,NA,NA,NA,NA,NA,NA,NA,NA,NA,NA,NA,NA,NA,18,0.0183752272862488,11,0.0112293055638187,4,0.00408338384138863,20,0.0204169192069432,0,0,2,0.00204169192069432,0,0
"59",59,1,0,1,"09/27/08","Tangkaan Beach 3","Leyte",19,"Padre Burgos","Southern Leyte","08:45","10:43",0,"","",2,2,1,0.1,12,"1-2 kts","mostly sunny","1 kt to S","high","gradual slope to 4m, then moderate slope",2,9,"coral, dead coral, sand","Slow to survey. So many anemones and anemonefish!",367.90965,3546.89946,10.00990927,210,0.0592066401566398,162,0.0456736938351221,7,0.00197355467188799,5,0.00140968190849142,3,0.000845809145094854,10,0.00281936381698285,0,0,2,0.00056387276339657,8,0.00225549105358628,98,0.0276297654064319,26,0.0073303459241554,200,0.056387276339657,6,0.00169161829018971,152,0.0428543300181393,0,0,NA,NA,NA,NA,NA,NA,NA,NA,NA,NA,NA,NA,NA,NA,NA,NA,4,0.00112774552679314,13,0.0036651729620777,5,0.00140968190849142,77,0.0217091013907679,0,0,6,0.00169161829018971,0,0
"60",60,0,1,0,"09/28/08","Apid MPA","Leyte",22,"Inopacan","Leyte","08:56","11:01",0,"","",1,1,1,0.1,10,"none","mostly sunny","none","high","gradual slope to 4m, then steep slope or wall",2,18,"dead coral, seagrass","",850.59218,3679.24509,10.53993781,12,0.00326153863264380,7,0.00190256420237555,2,0.000543589772107299,1,0.000271794886053650,1,0.000271794886053650,1,0.000271794886053650,0,0,0,0,0,0,27,0.00733846192344854,0,0,14,0.00380512840475110,0,0,6,0.00163076931632190,0,0,NA,NA,NA,NA,NA,NA,NA,NA,NA,NA,NA,NA,NA,NA,NA,NA,0,0,14,0.00380512840475110,0,0,9,0.00244615397448285,0,0,1,0.000271794886053650,0,0
"61",61,0,1,0,"09/28/08","Didyo MPA 1","Leyte",22,"Inopacan","Leyte","11:42","13:06",0,"","",1,1,1,0.1,10,"< 5 kts","mostly sunny","1 kt to NE","medium","gradual slopes to 10m, then steep slopes or wall",4,10,"dead coral, branching coral","At very beginning, a section of good branching and columnar coral where PRBI found. Need to trim out beginning nonlinear portion if this is to be used as a linear fish survey.",1071.5111,5224.51092,10.54922265,11,0.0021054602370321,22,0.0042109204740642,8,0.00153124380875062,2,0.000382810952187655,1,0.000191405476093827,2,0.000382810952187655,0,0,0,0,2,0.000382810952187655,41,0.00784762451984692,2,0.000382810952187655,35,0.00669919166328396,0,0,10,0.00191405476093827,0,0,NA,NA,NA,NA,NA,NA,NA,NA,NA,NA,NA,NA,NA,NA,NA,NA,2,0.000382810952187655,23,0.00440232595015803,1,0.000191405476093827,27,0.00516794785453334,0,0,2,0.000382810952187655,0,0
"62",62,0,0,0,"09/28/08","Didyo MPA 2","Leyte",22,"Inopacan","Leyte","14:16","14:56",0,"","",0,0,1,0.1,10,"none","mostly sunny","1 kt to N","low","gradual slope to 6m, then steep slope",3,6,"branching coral, columnar coral, dead coral","Searching for PRBI in digitate branching and columnar corals (near where PRBI found on last dive). No swaths for fish/anemones. Lots of live coral, but evidence of destruction (overturned and broken coral heads).",NA,NA,NA,0,NA,0,NA,0,NA,0,NA,0,NA,0,NA,0,NA,0,NA,0,NA,0,NA,0,NA,0,NA,0,NA,0,NA,0,NA,NA,NA,NA,NA,NA,NA,NA,NA,NA,NA,NA,NA,NA,NA,NA,NA,0,NA,0,NA,0,NA,0,NA,0,NA,0,NA,0,NA
"63",63,1,0,0,"09/28/08","Conalum","Leyte",22,"Inopacan","Leyte","16:03","17:24",0,"","",1,1,1,0.1,8,"< 1 kt","mostly sunny","< 1 kt","low","tacot with gradual slopes",4,10,"dead coral","Few anemones or fish. Getting dark. Viz lower than Quatros Islas.",624.94286,3087.33479,10.53228165,5,0.00161951985777351,3,0.000971711914664104,1,0.000323903971554701,0,0,2,0.000647807943109403,1,0.000323903971554701,0,0,0,0,0,0,20,0.00647807943109403,2,0.000647807943109403,3,0.000971711914664104,0,0,4,0.00129561588621881,0,0,NA,NA,NA,NA,NA,NA,NA,NA,NA,NA,NA,NA,NA,NA,NA,NA,0,0,10,0.00323903971554701,0,0,3,0.000971711914664104,0,0,0,0,0,0
"64",64,0,1,0,"09/29/08","Cabatoan MPA","Leyte",24,"Albuera","Leyte","09:29","10:05",0,"","",1,1,1,0.05,6,"none","mostly sunny","none","high","gradual slope",1,6,"dead coral, sand","Coral heads on sand, 2m tall (dead). Coral quickly ended, leaving us on sand. Corals are shallow (1-4m) but offshore.",227.74025,1088.72857,10.85569251,13,0.0119405335344511,1,0.000918502579573162,0,0,2,0.00183700515914632,0,0,0,0,0,0,0,0,0,0,9,0.00826652321615846,0,0,2,0.00183700515914632,0,0,11,0.0101035283753048,0,0,NA,NA,NA,NA,NA,NA,NA,NA,NA,NA,NA,NA,NA,NA,NA,NA,0,0,4,0.00367401031829265,0,0,1,0.000918502579573162,0,0,0,0,0,0
"65",65,1,0,1,"09/29/08","Palanas Outside","Leyte",24,"Albuera","Leyte","10:33","11:18",0,"","",2,2,1,0.05,6,"none","partly cloudy","none","medium","gradual slope",3,10,"sand","All sand. Ended at the Prycegas boat terminal.",714.5731,7133.24208,10.86974303,0,0,0,0,0,0,1,0.000140188709255189,1,0.000140188709255189,0,0,0,0,0,0,0,0,0,0,0,0,0,0,0,0,0,0,0,0,NA,NA,NA,NA,NA,NA,NA,NA,NA,NA,NA,NA,NA,NA,NA,NA,0,0,0,0,0,0,0,0,0,0,0,0,0,0
"66",66,0,1,0,"09/29/08","Palanas MPA","Leyte",24,"Albuera","Leyte","11:41","13:22",1,"12:56","12:57",1,1,1,0.05,6,"<1 kt","cloudy, thunderstorms over mainland","none","medium","gradual slope",1,6,"dead coral","These are the best corals in Albuera. None north of us. Corals almost all dead with some very small encrusting, branching, and massive corals. Corals are shallow but offshore. Many HECR.",582.22271,2312.38324,10.87322695,28,0.0121087194871729,0,0,0,0,0,0,1,0.000432454267399032,0,0,0,0,0,0,0,0,16,0.00691926827838451,0,0,0,0,0,0,11,0.00475699694138935,0,0,NA,NA,NA,NA,NA,NA,NA,NA,NA,NA,NA,NA,NA,NA,NA,NA,0,0,6,0.00259472560439419,0,0,0,0,0,0,0,0,0,0
"67",67,1,0,0,"09/29/08","Magbangon","Leyte",24,"Albuera","Leyte","14:43","16:13",0,"","",2,2,1,0,6,"none","cloudy","none","low","gradual slope",3,7,"sand, dead coral","Corals only at beginning, then sand (with STHD and APPY). Missed corals from survey #64 because we were too close to shore (though the right depth). We overlapped the same section of shore towards the end.",1381.16602,13712.1137,10.85399026,7,0.000510497517242728,6,0.000437569300493767,0,0,8,0.00058342573399169,7,0.000510497517242728,2,0.000145856433497922,5,0.000364641083744806,0,0,0,0,21,0.00153149255172818,4,0.000291712866995845,2,0.000145856433497922,0,0,2,0.000145856433497922,24,0.00175027720197507,NA,NA,NA,NA,NA,NA,NA,NA,NA,NA,NA,NA,NA,NA,NA,NA,0,0,9,0.00065635395074065,0,0,1,7.29282167489612e-05,0,0,0,0,9,0.00065635395074065
"68",68,0,1,0,"09/30/08","Punta Lauis","Leyte",23,"Baybay","Leyte","09:42","10:35",0,"","",1,1,1,0.2,5,"10-15 kts to N","rain","none","high","gradual slope",2,6,"sand, dead coral, live coral","Coral quite good (much better than Albuera). Dive from shore, so doubled back at deepter depth (ended linear fish survey before doubling back)",657.68732,3175.87674,10.64145094,8,0.0025189894491938,4,0.0012594947245969,1,0.000314873681149225,0,0,0,0,0,0,0,0,0,0,0,0,3,0.000944621043447675,0,0,6,0.00188924208689535,0,0,4,0.0012594947245969,0,0,NA,NA,NA,NA,NA,NA,NA,NA,NA,NA,NA,NA,NA,NA,NA,NA,0,0,1,0.000314873681149225,0,0,4,0.0012594947245969,0,0,0,0,0,0
"69",69,0,1,0,"10/01/08","Visca","Leyte",23,"Baybay","Leyte","10:32","11:35",0,"","",1,1,1,0.1,7,"<1 kt","partly sunny","none","medium","gradual slope",3,6,"rock, dead coral, encrusting coral","With Dr. Humberto Montes, Kenneth, Art, Shem (three VSU Marine Biology students). Corals damaged by periodic storms (rocks overturn) then recover.",287.95778,1248.14849,10.74401247,3,0.00240356017255607,3,0.00240356017255607,0,0,4,0.00320474689674143,0,0,0,0,0,0,0,0,0,0,24,0.0192284813804486,0,0,0,0,0,0,0,0,0,0,NA,NA,NA,NA,NA,NA,NA,NA,NA,NA,NA,NA,NA,NA,NA,NA,0,0,12,0.00961424069022429,0,0,0,0,0,0,0,0,0,0
"70",70,0,1,0,"10/01/08","Tamakin Gamai MPA","Leyte",23,"Baybay","Leyte","14:10","14:24",0,"","",1,1,1,0.5,7,"< 5 kts to E","mostly sunny","none","","tacot with walls",3,15,"coral, dead coral","Tiny tacot!",130.81007,511.96154,10.63369325,0,0,1,0.00195327172427835,1,0.00195327172427835,0,0,0,0,0,0,0,0,0,0,0,0,2,0.0039065434485567,0,0,1,0.00195327172427835,0,0,0,0,0,0,NA,NA,NA,NA,NA,NA,NA,NA,NA,NA,NA,NA,NA,NA,NA,NA,0,0,2,0.0039065434485567,0,0,1,0.00195327172427835,0,0,0,0,0,0
"71",71,0,1,0,"10/01/08","Tamakin Dacot","Leyte",23,"Baybay","Leyte","14:57","15:38",0,"","",1,1,1,0.2,7,"< 5 kts to E","mostly sunny","< 1 kt to N","","tacot with gradual slopes",3,9,"dead coral, live coral","Lots of rubble",601.47364,2980.86508,10.65249023,0,0,3,0.00100641925061566,0,0,0,0,0,0,0,0,0,0,0,0,0,0,0,0,0,0,7,0.00234831158476988,0,0,0,0,0,0,NA,NA,NA,NA,NA,NA,NA,NA,NA,NA,NA,NA,NA,NA,NA,NA,0,0,0,0,0,0,4,0.00134189233415422,0,0,0,0,0,0
"72",72,1,0,1,"10/01/08","Candadum","Leyte",23,"Baybay","Leyte","16:15","16:35",0,"","",2,2,1,0.2,6,"< 5 kts to E","high clouds","< 1 kt to S","low","gradual slope",2,8,"sand","",434.32988,4362.22686,10.696674,0,0,0,0,0,0,0,0,0,0,0,0,0,0,0,0,0,0,0,0,0,0,0,0,0,0,0,0,0,0,NA,NA,NA,NA,NA,NA,NA,NA,NA,NA,NA,NA,NA,NA,NA,NA,0,0,0,0,0,0,0,0,0,0,0,0,0,0
"73",73,0,1,0,"10/02/08","Tabuk MPA 1","Leyte",27,"Palompon","Leyte","11:22","12:42",0,"","",1,1,1,0.2,7,"5-10 kts to N","sunny","1 kt to N","","gradual slope",6,17,"live coral, dead coral","Cookie from MENRO as dive guide",485.21523,2275.37646,11.04216811,5,0.00219743857242858,9,0.00395538943037145,1,0.000439487714485716,0,0,2,0.000878975428971433,3,0.00131846314345715,0,0,0,0,0,0,20,0.00878975428971433,8,0.00351590171588573,12,0.0052738525738286,2,0.000878975428971433,1,0.000439487714485716,0,0,NA,NA,NA,NA,NA,NA,NA,NA,NA,NA,NA,NA,NA,NA,NA,NA,0,0,13,0.00571334028831431,2,0.000878975428971433,7,0.00307641400140001,0,0,0,0,0,0
"74",74,0,1,0,"10/02/08","Tabuk MPA 2","Leyte",27,"Palompon","Leyte","13:40","15:03",0,"","",2,2,1,0.2,7,"5 kts to N","sunny","none","","gradual to moderate slopes",4,10,"live coral, dead coral","Mostly dead coral towards end of survey",854.80327,8403.36106,11.04725082,9,0.00107100003626406,9,0.00107100003626406,2,0.000238000008058680,1,0.000119000004029340,0,0,9,0.00107100003626406,0,0,0,0,0,0,35,0.00416500014102690,19,0.00226100007655746,15,0.00178500006044010,3,0.000357000012088020,8,0.000952000032234721,0,0,NA,NA,NA,NA,NA,NA,NA,NA,NA,NA,NA,NA,NA,NA,NA,NA,0,0,16,0.00190400006446944,2,0.000238000008058680,7,0.000833000028205381,0,0,1,0.000119000004029340,0,0
"75",75,1,0,1,"10/02/08","Tabuk MPA 2","Leyte",27,"Palompon","Leyte","15:45","16:37",0,"","",2,2,1,0.1,7,"5 kts to N","cloudy","none","","gradual and moderate slopes",3,9,"live coral, dead coral","Many massive corals. Good coral cover.",532.6653,5273.5852,11.03778492,16,0.00303398909720848,9,0.00170661886717977,2,0.00037924863715106,0,0,1,0.00018962431857553,3,0.00056887295572659,0,0,0,0,0,0,29,0.00549910523869037,9,0.00170661886717977,19,0.00360286205293507,2,0.00037924863715106,17,0.00322361341578401,0,0,NA,NA,NA,NA,NA,NA,NA,NA,NA,NA,NA,NA,NA,NA,NA,NA,0,0,11,0.00208586750433083,2,0.00037924863715106,10,0.0018962431857553,1,0.00018962431857553,1,0.00018962431857553,0,0
"76",76,0,1,0,"10/03/08","Liog-Liog","Leyte",27,"Palompon","Leyte","09:50","11:27",0,"","",1,1,1,0.1,7,"none","sunny, hazy","1 kt to S","low","gradual slopes around offshore ridge",4,9,"live coral, dead coral","Massive coral. Few anemones, despite much live coral (massive). Rudy Baldoza and Cookie (MENRO) also dove.",1072.87838,5288.20359,11.00158338,8,0.00151280106067172,5,0.000945500662919825,5,0.000945500662919825,0,0,0,0,1,0.000189100132583965,0,0,0,0,0,0,14,0.00264740185617551,0,0,11,0.00208010145842362,4,0.00075640053033586,10,0.00189100132583965,0,0,NA,NA,NA,NA,NA,NA,NA,NA,NA,NA,NA,NA,NA,NA,NA,NA,0,0,8,0.00151280106067172,0,0,5,0.000945500662919825,1,0.000189100132583965,2,0.00037820026516793,0,0
"77",77,1,0,0,"10/03/08","Buenavista","Leyte",27,"Palompon","Leyte","12:49","14:09",0,"","",2,2,1,0.1,6,"5 kts to N","cloudy, light rain, thunderstorms nearby","2 kts","medium","gradual slopes, steep slopes, and walls",4,10,"dead coral","Rudy Baldoza and Cookie (MENRO) also dove. Barren, dead coral, including areas of thick Diadema. Isabel smelting plant across the bay.",782.57784,7776.54539,10.91361529,54,0.00694395741191707,1,0.00012859180392439,8,0.00102873443139512,10,0.0012859180392439,7,0.000900142627470731,4,0.00051436721569756,0,0,0,0,0,0,77,0.00990156890217804,9,0.00115732623531951,2,0.00025718360784878,10,0.0012859180392439,32,0.00411493772558048,0,0,NA,NA,NA,NA,NA,NA,NA,NA,NA,NA,NA,NA,NA,NA,NA,NA,0,0,38,0.00488648854912683,3,0.000385775411773170,0,0,3,0.000385775411773170,6,0.000771550823546341,0,0
"78",78,1,0,0,"10/03/08","Kabgan","Leyte",27,"Palompon","Leyte","15:28","17:00",0,"","",2,2,1,0.05,6,"none","cloudy, light rain","0-1 kts to E","","gradual slopes around offshore ridges",3,10,"dead coral","Difficult navigation. Seemed to lose the main reef.",1166.51778,11583.56112,10.98685851,14,0.00120860932617931,2,0.000172658475168472,5,0.000431646187921181,1,8.6329237584236e-05,0,0,1,8.6329237584236e-05,0,0,0,0,0,0,8,0.000690633900673889,0,0,3,0.000258987712752708,12,0.00103595085101083,19,0.00164025551410049,0,0,NA,NA,NA,NA,NA,NA,NA,NA,NA,NA,NA,NA,NA,NA,NA,NA,0,0,4,0.000345316950336944,0,0,1,8.6329237584236e-05,3,0.000258987712752708,2,0.000172658475168472,0,0
"79",79,0,1,0,"10/04/08","Macabog MPA","Leyte",25,"Ormoc","Leyte","09:32","11:35",0,"","",2,2,1,0.1,3.5,"1-5 kts to E","mostly sunny becoming mostly cloudy","none","low","gradual slope",1,4,"sand, rock, dead coral heads","Recovering corals after destructive fishing (trawling) was banned. Mostly dead. Corals are only shallow. Only a small area of corals.",691.09867,6194.65817,10.95569672,31,0.00500431164226774,2,0.000322858815630177,0,0,3,0.000484288223445266,0,0,1,0.000161429407815089,0,0,0,0,0,0,22,0.00355144697193195,4,0.000645717631260354,5,0.000807147039075443,0,0,12,0.00193715289378106,0,0,NA,NA,NA,NA,NA,NA,NA,NA,NA,NA,NA,NA,NA,NA,NA,NA,0,0,11,0.00177572348596597,1,0.000161429407815089,2,0.000322858815630177,0,0,1,0.000161429407815089,0,0
"80",80,1,0,0,"10/04/08","Ipil MPA","Leyte",25,"Ormoc","Leyte","13:02","13:35",0,"","",2,2,1,0.2,3,"5-10 kts to N","cloudy","< 1 kt to W","medium","gradual slope",1,3,"sand, dead coral","Bigger fish than Macabog. Only small area with corals.",303.99978,3081.65196,10.97734244,83,0.0269336060909357,0,0,0,0,2,0.00064900255640809,0,0,0,0,0,0,0,0,0,0,27,0.00876153451150921,0,0,0,0,0,0,1,0.000324501278204045,0,0,NA,NA,NA,NA,NA,NA,NA,NA,NA,NA,NA,NA,NA,NA,NA,NA,0,0,17,0.00551652172946876,0,0,0,0,0,0,0,0,0,0
"81",81,1,0,0,"10/04/08","Camp Downes MPA","Leyte",25,"Ormoc","Leyte","14:10","14:48",0,"","",2,2,1,0.2,2.5,"5-10 kts to N","cloudy","none","medium","gradual slope",1,4,"sand, dead coral","Coral area is very small. Not many more coral areas left in Ormoc. Most is sand and mud.",412.29139,4129.83279,10.99623198,16,0.00387424886517016,1,0.000242140554073135,0,0,0,0,0,0,0,0,0,0,0,0,0,0,1,0.000242140554073135,0,0,1,0.000242140554073135,0,0,33,0.00799063828441345,0,0,NA,NA,NA,NA,NA,NA,NA,NA,NA,NA,NA,NA,NA,NA,NA,NA,0,0,0,0,0,0,1,0.000242140554073135,0,0,2,0.00048428110814627,0,0
"82",82,1,0,1,"10/05/08","Lao River","Leyte",25,"Ormoc","Leyte","08:36","09:36",0,"","",0.833333333,2,1,0.005,2,"none","rain","none","low","gradual slope",3,9,"mud","Mud! Mangroves onshore, near river outlets. Near border of Ormoc. In river outflow: top 50cm is turbid freshwater, then clearer below.",770.86384,637.32291,10.9892964,0,0,0,0,0,0,0,0,0,0,0,0,0,0,0,0,0,0,0,0,0,0,0,0,0,0,0,0,0,0,NA,NA,NA,NA,NA,NA,NA,NA,NA,NA,NA,NA,NA,NA,NA,NA,0,0,0,0,0,0,0,0,0,0,0,0,0,0
"83",83,0,1,0,"10/05/08","Linaw","Leyte",25,"Ormoc","Leyte","10:13","10:34",0,"","",1,1,1,0.1,3,"none","cloudy","none","low","gradual slope",2,3,"scattered dead coral on sand/mud","Coral area very small. Almost zero alive. Anti-MPA group (ÒIndacpanÓ?) is active here. We've now seen all the coral areas in Ormoc... no PRBI.",266.60541,1181.17058,11.01265392,0,0,0,0,0,0,0,0,0,0,0,0,0,0,0,0,0,0,0,0,0,0,0,0,0,0,0,0,0,0,NA,NA,NA,NA,NA,NA,NA,NA,NA,NA,NA,NA,NA,NA,NA,NA,0,0,0,0,0,0,0,0,0,0,0,0,0,0
"84",84,0,1,0,"10/06/08","Damolog","Cebu",14,"Sogod","Cebu","10:56","12:08",0,"","",1,1,1,0.1,8,"5 kts to W","mostly sunny","none","low","gradual slope to 6m, then steep slope or wall to 12m, then sand",4,10,"dead coral, live coral, sand","Lots of digitate branching corals. Bantay dagats brought us here for the corals, but our track appears to have passed the survey latitude (10.7635)",691.85079,3379.51519,10.76290502,9,0.00266310387555914,13,0.00384670559802988,0,0,0,0,0,0,0,0,0,0,0,0,2,0.000591800861235366,9,0.00266310387555914,0,0,21,0.00621390904297134,0,0,8,0.00236720344494146,0,0,NA,NA,NA,NA,NA,NA,NA,NA,NA,NA,NA,NA,NA,NA,NA,NA,1,0.000295900430617683,1,0.000295900430617683,0,0,11,0.00325490473679451,0,0,1,0.000295900430617683,0,0
"85",85,0,1,0,"10/06/08","Bawo","Cebu",14,"Sogod","Cebu","13:09","15:02",1,"13:26","14:04",1,1,1,0.05,6,"none","cloudy","1 kt to SE","","gradual slope to 6-8m, then steep slope or wall",3,9,"coral, dead coral, sand","Lots of fine braching coral (thin). Realized I had lost the vial holder, so paused survey to look. Bantay dagats found it floating on the surface.",714.38841,3391.91287,10.7422711,6,0.00176891336244731,3,0.000884456681223654,2,0.000589637787482436,0,0,0,0,2,0.000589637787482436,0,0,0,0,0,0,9,0.00265337004367096,2,0.000589637787482436,5,0.00147409446870609,0,0,7,0.00206373225618853,0,0,NA,NA,NA,NA,NA,NA,NA,NA,NA,NA,NA,NA,NA,NA,NA,NA,0,0,2,0.000589637787482436,1,0.000294818893741218,4,0.00117927557496487,0,0,2,0.000589637787482436,0,0
"86",86,1,0,0,"10/06/08","Tabonok","Cebu",14,"Sogod","Cebu","16:15","17:25",0,"","",2,2,1,0,8,"none","cloudy","none","","gradual slope to 9m, then steep slope or wall",5,10,"live coral, dead coral","Large, well-developed reef, no sand. Lots of coral. Started near Alegre Resort (private MPA). Getting dark towards end! Ended because of the light.",486.49311,4843.62912,10.77900501,22,0.00454204883465562,3,0.000619370295634857,1,0.000206456765211619,0,0,1,0.000206456765211619,2,0.000412913530423238,0,0,0,0,0,0,24,0.00495496236507885,5,0.00103228382605809,6,0.00123874059126971,0,0,24,0.00495496236507885,0,0,NA,NA,NA,NA,NA,NA,NA,NA,NA,NA,NA,NA,NA,NA,NA,NA,0,0,4,0.000825827060846475,0,0,4,0.000825827060846475,0,0,0,0,0,0
"87",87,1,0,1,"10/07/08","Damolog 2","Cebu",14,"Sogod","Cebu","06:10","07:17",0,"","",2,2,1,0.05,10,"none","mostly sunny","none","high","gradual slope to 6m, then steep slop or wall",3,10,"live coral, dead coral","Started in front of bantay dagat HQ. Very high live coral cover in the shallows (<2m)",678.80791,6785.72769,10.7667621,5,0.000736840649731407,16,0.00235789007914050,2,0.000294736259892563,0,0,0,0,0,0,0,0,0,0,0,0,9,0.00132631316951653,0,0,26,0.00383157137860332,3,0.000442104389838844,3,0.000442104389838844,0,0,NA,NA,NA,NA,NA,NA,NA,NA,NA,NA,NA,NA,NA,NA,NA,NA,0,0,2,0.000294736259892563,0,0,15,0.00221052194919422,1,0.000147368129946281,1,0.000147368129946281,0,0
"88",88,0,1,0,"10/08/08","Alang-alang MPA","Cebu",15,"Tabogon","Cebu","09:53","11:57",0,"","",1,1,1,0.1,5.5,"5-10 kts to S","mostly cloudy","none","medium","gradual slope to 6m, then steep slope",2,7,"live coral, dead coral, sand","Began at N side of MPA, swam S out of MPA. Big branching and tabular corals in MPA <3m, but no anemones. Swam deeper and found some anemones and fish at about 4m. Coral cover lower outside MPA. End 500m N or Daantabogon River. Shoreline is limestone cliff.",966.50924,4553.11656,10.92394559,5,0.00109814891275263,2,0.000439259565101052,1,0.000219629782550526,0,0,0,0,0,0,1,0.000219629782550526,0,0,0,0,19,0.00417296586846,0,0,4,0.000878519130202105,0,0,1,0.000219629782550526,0,0,NA,NA,NA,NA,NA,NA,NA,NA,NA,NA,NA,NA,NA,NA,NA,NA,0,0,12,0.00263555739060631,0,0,2,0.000439259565101052,0,0,0,0,0,0
"89",89,0,1,0,"10/08/08","Moabug MPA and Outside","Cebu",15,"Tabogon","Cebu","12:48","14:32",0,"","",1,1,1,0.1,10,"0-5 kts","rain and sun","1 kt to S","low","gradual slope",4,8,"algae, live coral, dead coral","Shoreline is limestone cliff. Strange benthic cover of branching algae. Coral head scattered around, all small.",1113.86297,5273.51978,10.89286388,7,0.00132738669655658,3,0.000568880012809964,6,0.00113776002561993,3,0.000568880012809964,2,0.000379253341873310,0,0,0,0,0,0,0,0,43,0.00815394685027616,0,0,6,0.00113776002561993,8,0.00151701336749324,0,0,0,0,NA,NA,NA,NA,NA,NA,NA,NA,NA,NA,NA,NA,NA,NA,NA,NA,0,0,11,0.00208589338030320,0,0,3,0.000568880012809964,2,0.000379253341873310,0,0,0,0
"90",90,1,0,0,"10/08/08","Maslog MPA","Cebu",15,"Tabogon","Cebu","15:22","17:13",0,"","",2,2,1,0.1,6,"none","mostly sunny","1-2 kts to S","low","gradual slope to 8m, then steep slope",4,9,"dead coral, soft coral","Almost all of survey was inside MPA. Mostly dead coral, with some soft coral.",1165.18556,11542.54144,10.93214606,9,0.000779724296142531,15,0.00129954049357089,0,0,6,0.000519816197428354,1,8.66360329047257e-05,5,0.000433180164523628,0,0,0,0,0,0,31,0.00268571702004650,13,0.00112626842776143,35,0.0030322611516654,0,0,3,0.000259908098714177,0,0,NA,NA,NA,NA,NA,NA,NA,NA,NA,NA,NA,NA,NA,NA,NA,NA,0,0,11,0.000952996361951983,2,0.000173272065809451,17,0.00147281255938034,0,0,0,0,0,0
"91",91,1,0,1,"10/09/08","Salag","Cebu",15,"Tabogon","Cebu","09:37","11:37",0,"","",2,2,1,0.05,10,"0-5 kts","mostly cloudy","1 kt to S","medium","gradual slope to 8m, then steep slope or wall",4,9,"live coral, soft coral, dead coral, algae","More green algae, as at Moabug #89. Limestone cliff shoreline. Many anemones and anemonefish! Ended because we hit 2 hrs.",686.36949,6802.46509,10.97045388,96,0.0141125310795237,71,0.0104373927775644,2,0.000294011064156744,6,0.000882033192470231,2,0.000294011064156744,3,0.000441016596235116,0,0,0,0,0,0,70,0.0102903872454860,8,0.00117604425662698,127,0.0186697025739532,1,0.000147005532078372,78,0.011466431502113,0,0,NA,NA,NA,NA,NA,NA,NA,NA,NA,NA,NA,NA,NA,NA,NA,NA,0,0,16,0.00235208851325395,2,0.000294011064156744,59,0.00867332639262394,0,0,5,0.00073502766039186,0,0
"92",92,1,0,0,"10/09/08","Camow-buan","Cebu",15,"Tabogon","Cebu","12:39","14:39",0,"","",2,2,1,0.1,8,"0-5 kts","mostly cloudy","1 kt to S","","gradual slope",4,8,"dead coral, live coral","This a proposed MPA. Patches of digitate branching corals.",882.09368,8757.89517,10.94744043,31,0.00353966328646978,56,0.00639423045297766,4,0.000456730746641262,9,0.00102764417994284,1,0.000114182686660315,4,0.000456730746641262,0,0,0,0,0,0,70,0.00799278806622208,12,0.00137019223992379,97,0.0110757206060506,0,0,19,0.00216947104654599,0,0,NA,NA,NA,NA,NA,NA,NA,NA,NA,NA,NA,NA,NA,NA,NA,NA,0,0,17,0.00194110567322536,0,0,47,0.00536658627303483,0,0,0,0,0,0
"93",93,1,0,0,"10/09/08","Poblacion Tabogon","Cebu",15,"Tabogon","Cebu","15:08","16:24",0,"","",2,2,1,0.1,9,"5 kts","cloudy","1 kt to N","high","gradual slope to 8m, then steep slope or wall",4,8,"dead coral, live coral","This is a proposed MPA. Passed the Tagasa building where we're staying. Ended near the end of Survey #92.",681.0153,6774.9789,10.94142184,8,0.00118081548563937,15,0.00221402903557382,1,0.000147601935704922,0,0,0,0,5,0.000738009678524608,0,0,0,0,2,0.000295203871409843,20,0.00295203871409843,14,0.0020664270998689,23,0.00339484452121320,0,0,4,0.000590407742819686,0,0,NA,NA,NA,NA,NA,NA,NA,NA,NA,NA,NA,NA,NA,NA,NA,NA,1,0.000147601935704922,8,0.00118081548563937,2,0.000295203871409843,10,0.00147601935704922,0,0,0,0,0,0
"94",94,0,1,0,"10/10/08","Lapus-lapus","Cebu",17,"Daanbantayan","Cebu","11:00","12:37",0,"","",1,1,1,0.1,12,"5 kts to E","mostly cloudy","1-4 kts to N","low","gradual and moderate slopes",4,9,"soft coral, massive coral, rubble","Dive site. Soft coral in beginning, massive corals & rubble at end. Distant blasting heard, perhaps Gato Is. Strong currents.",454.1256,2133.78208,11.34811676,57,0.0267131308929167,4,0.00187460567669591,7,0.00328055993421784,4,0.00187460567669591,0,0,3,0.00140595425752193,0,0,0,0,0,0,72,0.0337429021805263,3,0.00140595425752193,8,0.00374921135339181,1,0.000468651419173977,34,0.0159341482519152,0,0,NA,NA,NA,NA,NA,NA,NA,NA,NA,NA,NA,NA,NA,NA,NA,NA,0,0,34,0.0159341482519152,1,0.000468651419173977,6,0.00281190851504386,0,0,10,0.00468651419173977,0,0
"95",95,1,0,0,"10/10/08","Bantigue","Cebu",17,"Daanbantayan","Cebu","13:35","15:05",0,"","",1,1,1,0.1,8,"5 kts","partly sunny","1 kt to W","medium","gradual slope",5,9,"sand, soft corals","Scattered hard substrate wth mostly soft corals. Mostly sand. Densest corals at the beginning. Ended within sight of survey #94.",1136.60309,5629.76192,11.3489645,34,0.00603933176627121,1,0.000177627404890330,4,0.000710509619561319,5,0.000888137024451649,0,0,5,0.000888137024451649,2,0.000355254809780659,0,0,0,0,76,0.0134996827716651,9,0.00159864664401297,2,0.000355254809780659,0,0,25,0.00444068512225824,7,0.00124339183423231,NA,NA,NA,NA,NA,NA,NA,NA,NA,NA,NA,NA,NA,NA,NA,NA,0,0,34,0.00603933176627121,2,0.000355254809780659,2,0.000355254809780659,0,0,0,0,2,0.000355254809780659
"96",96,1,0,1,"10/10/08","Dakit-dakit","Cebu",17,"Daanbantayan","Cebu","15:47","17:00",0,"","",1,1,1,0.1,9,"5 kts","partly sunny","1 kt to W","medium","gradual and moderate slopes",4,8,"coral, sand","Coral in beginning, sand at end. Started at dive site near small rock stack at Malapascua's SW corner. High relief with good coral cover. Then headed SE and offshore of survey site (to find deeper water). Found sand and some coral substrate.",816.93903,4045.98688,11.3200511,14,0.00346021883293897,14,0.00346021883293897,6,0.00148295092840242,1,0.000247158488067070,0,0,0,0,0,0,0,0,0,0,63,0.0155709847482254,0,0,16,0.00395453580907311,0,0,7,0.00173010941646949,0,0,NA,NA,NA,NA,NA,NA,NA,NA,NA,NA,NA,NA,NA,NA,NA,NA,0,0,31,0.00766191313007916,0,0,12,0.00296590185680483,0,0,1,0.000247158488067070,0,0
"97",97,1,0,1,"10/11/08","Bagay","Cebu",16,"Daanbantayan","Cebu","09:02","10:41",0,"","",2,2,1,0.1,9,"none","sunny","1 kt to N","medium","gradual slope",4,9,"live coral, dead coral","Distant from shore, but not tacot (apparently). Lots of massive, branching coral, and foliose corals, but very few fish of any kind. Feels like a ghost town. Many Diadema urchins. Distant blasts heard.",673.38745,6673.19062,11.19355692,4,0.000599413418224819,11,0.00164838690011825,3,0.000449560063668614,2,0.000299706709112410,0,0,0,0,0,0,0,0,0,0,14,0.00209794696378687,0,0,19,0.00284721373656789,0,0,5,0.000749266772781024,0,0,NA,NA,NA,NA,NA,NA,NA,NA,NA,NA,NA,NA,NA,NA,NA,NA,0,0,7,0.00104897348189343,0,0,8,0.00119882683644964,0,0,0,0,0,0
"98",98,1,0,0,"10/11/08","Bagay Tacot","Cebu",16,"Daanbantayan","Cebu","11:18","12:46",0,"","",2,2,1,0.05,8,"none","sunny","none","high","gradual slope on offshore tacot",6,8,"sand, sparse corals","Started on patchy corals, but these ran out, leaving us on sand with very sparse corals. Saw a strange anemone (HECR?) that looked whithered.",938.13041,9297.61804,11.21078682,9,0.000967989861626968,3,0.000322663287208989,1,0.000107554429069663,10,0.00107554429069663,0,0,0,0,0,0,0,0,0,0,27,0.00290396958488090,0,0,6,0.000645326574417979,0,0,8,0.000860435432557305,12,0.00129065314883596,NA,NA,NA,NA,NA,NA,NA,NA,NA,NA,NA,NA,NA,NA,NA,NA,0,0,7,0.000752881003487642,0,0,4,0.000430217716278652,0,0,0,0,2,0.000215108858139326
"99",99,1,0,0,"10/11/08","Tuminhow","Cebu",16,"Daanbantayan","Cebu","13:52","15:29",0,"","",1,1,1,0.2,10,"5-10 kts to S","cloudy","none","medium","gradual slope",6,9,"live coral, dead coral, sand","Offshore ridge on the offshore side. Corals all deep (6+m). Lots of branching and massive corals. A fisherman recommended this spot for its corals. Saw a new spp of pipefish! Blasts very close (0.5 km).",907.79704,4488.0496,11.21872536,7,0.0015596975577097,9,0.00200532543134104,0,0,4,0.000891255747262686,0,0,0,0,0,0,0,0,0,0,22,0.00490190660994477,0,0,16,0.00356502298905074,0,0,5,0.00111406968407836,0,0,NA,NA,NA,NA,NA,NA,NA,NA,NA,NA,NA,NA,NA,NA,NA,NA,0,0,7,0.0015596975577097,0,0,9,0.00200532543134104,0,0,1,0.000222813936815672,0,0
"100",100,0,1,0,"10/12/08","Tabatongan","Cebu",17,"Daanbantayan","Cebu","08:20","10:06",0,"","",1,1,1,0.2,15,"0-5 kts","sunny","1-2 kts to N","high","gradual slope",4,7,"scattered live and dead corals among sand","Good live coral cover, many anemonefish. No corals deeper (all sand). GS saw 4 pipefish (not recorded on data sheet). MLP saw 3 pipefish (recorded).",1155.57484,5705.14167,11.33783001,13,0.00227864630748074,16,0.00280448776305322,1,0.000175280485190826,1,0.000175280485190826,1,0.000175280485190826,0,0,0,0,0,0,0,0,36,0.00631009746686974,0,0,29,0.00508313407053396,0,0,15,0.00262920727786239,0,0,NA,NA,NA,NA,NA,NA,NA,NA,NA,NA,NA,NA,NA,NA,NA,NA,0,0,14,0.00245392679267157,0,0,15,0.00262920727786239,0,0,1,0.000175280485190826,0,0
"101",101,0,1,0,"10/12/08","Bagay 2","Cebu",16,"Daanbantayan","Cebu","11:42","13:11",0,"","",1,1,1,0.2,9,"5-10 kts to S","mostly sunny","1 kt to S","high","gradual and moderate slopes, tacots",5,9,"dead coral, live coral","200m offshore. Saw a large (150cm) seasnake. Many ENQD but no PRBI.",939.15662,4612.56875,11.19948544,5,0.00108399468300608,15,0.00325198404901824,0,0,0,0,1,0.000216798936601216,0,0,0,0,0,0,0,0,0,0,0,0,26,0.00563677235163161,0,0,10,0.00216798936601216,0,0,NA,NA,NA,NA,NA,NA,NA,NA,NA,NA,NA,NA,NA,NA,NA,NA,0,0,0,0,0,0,10,0.00216798936601216,0,0,0,0,0,0
"102",102,0,1,0,"10/12/08","Tuminhow 2","Cebu",16,"Daanbantayan","Cebu","14:22","15:53",0,"","",1,1,1,0.3,10,"10-15 kts to S","mostly sunny","< 1 kt to S","low","gradual slope on offshore tacot",4,9,"sand, live coral","Sand at beginning, branching and massive corals at end. Tried to find corals on tacot, but ended up on mostly sand until we hit the offshore slope (5-10m) with good corals near survey #99. Few anemones.",1535.80396,7578.90068,11.21711204,3,0.000395835771791642,6,0.000791671543583284,1,0.000131945257263881,0,0,0,0,0,0,0,0,0,0,0,0,9,0.00118750731537493,0,0,7,0.000923616800847165,0,0,3,0.000395835771791642,0,0,NA,NA,NA,NA,NA,NA,NA,NA,NA,NA,NA,NA,NA,NA,NA,NA,0,0,4,0.000527781029055523,0,0,5,0.000659726286319403,0,0,1,0.000131945257263881,0,0
